candidate,volume_today,volume_avg_20d,price_change_5d_pct,news_items_7d,mentions_7d,mentions_avg_7d
AMD,19825500,22453955,0.52,18,,
META,12944900,24004525,-3.14,16,,
NVDA,134914600,109941645,3.95,20,,
TSLA,55242800,38534015,-0.41,13,,
AAPL,33245500,42433220,-2.16,17,,
MSFT,17803300,21570125,0.26,14,,
AMZN,33393100,34854665,0.74,14,,
GOOGL,23738200,27219450,-0.12,17,,
NFLX,38596400,35076580,-5.75,17,,
MU,27224500,26212065,-0.68,19,,
QCOM,10110000,14970565,-8.47,20,,
ADBE,3113100,5659390,0.94,19,,
CRM,7901800,12490195,0.29,20,,
INTC,95139500,111352400,-2.98,18,,
BA,12628700,8138155,-2.28,14,,
GE,4163300,4352035,-5.36,20,,
F,49099500,48326830,-4.8,13,,
GM,9088600,7678925,-5.28,15,,
IBM,7748800,5765165,-1.27,19,,
T,29137400,38236850,-4.26,19,,
XOM,11287000,14238145,2.13,17,,
CVX,6669900,9824285,1.1,18,,
JPM,6658200,8344185,-3.11,17,,
BAC,35067800,38685335,-5.2,17,,
C,7611000,10035355,-4.3,19,,
DIS,6704300,8639525,-3.73,14,,
NKE,142567700,38355995,-5.26,15,,
PYPL,9013000,12328745,-4.07,20,,
CSCO,17495000,18210890,5.56,19,,
ORCL,35330300,35768065,3.79,15,,
KHC,12627400,22301835,-6.09,8,,
