date,setup,instrument,side,S,net_bps,pnl,equity
2026-04-09,OPEN,QQQ,BUY,1.66,66.3,5.37,1005.4
2026-05-04,CLOSE,DIA,BUY,2.9,41.7,6.63,1012.0
2026-05-15,CLOSE,SPY,BUY,3.6,-0.8,-0.19,1011.8
2026-05-19,CLOSE,SPY,BUY,3.05,21.1,4.74,1016.6
2026-06-03,OPEN,DIA,SELL,-1.9,52.9,12.99,1029.5
2026-06-03,CLOSE,DIA,BUY,3.56,100.9,23.85,1053.4
2026-06-04,CLOSE,QQQ,BUY,2.84,-148.4,-25.07,1028.3
2026-06-05,OPEN,QQQ,SELL,-1.83,338.4,50.95,1079.3
2026-06-05,CLOSE,QQQ,BUY,3.55,171.1,18.74,1098.0
2026-06-08,OPEN,DIA,BUY,2.97,-40.4,-8.8,1089.2
2026-06-08,CLOSE,DIA,BUY,3.07,44.6,9.6,1098.8
2026-06-09,OPEN,SPY,BUY,1.75,-84.8,-15.14,1083.7
2026-06-10,OPEN,QQQ,BUY,2.23,-117.6,-13.2,1070.5
2026-06-10,CLOSE,SPY,BUY,4.06,40.0,7.29,1077.8
2026-06-16,CLOSE,QQQ,BUY,2.81,67.1,5.93,1083.7
2026-06-23,CLOSE,QQQ,BUY,4.03,18.2,1.45,1085.1
2026-06-26,OPEN,QQQ,BUY,1.75,-12.6,-0.89,1084.2
2026-06-26,CLOSE,QQQ,BUY,3.53,96.0,7.74,1092.0
2026-07-01,CLOSE,QQQ,BUY,2.92,-0.3,-0.02,1092.0
2026-07-07,CLOSE,QQQ,BUY,2.9,-69.1,-5.74,1086.2
2026-07-08,CLOSE,DIA,BUY,2.84,10.9,2.19,1088.4
2026-07-13,CLOSE,QQQ,BUY,3.02,113.2,10.3,1098.7
2026-07-16,CLOSE,QQQ,BUY,3.0,-208.3,-20.97,1077.7
2026-07-17,CLOSE,DIA,BUY,4.5,13.9,4.72,1082.5
2026-07-20,OPEN,DIA,SELL,-1.6,74.5,20.42,1102.9
2026-07-20,CLOSE,DIA,BUY,2.96,26.7,8.95,1111.8
2026-07-21,OPEN,DIA,BUY,1.8,32.2,9.77,1121.6
2026-07-24,OPEN,DIA,SELL,-1.85,-59.6,-16.69,1104.9
2026-07-24,CLOSE,QQQ,BUY,3.05,99.1,11.02,1115.9
2026-07-28,OPEN,DIA,BUY,2.85,9.3,2.72,1118.7
2026-07-28,CLOSE,QQQ,BUY,3.22,-5.6,-0.71,1118.0
2026-07-29,CLOSE,DIA,BUY,4.12,60.6,13.08,1131.0
2026-07-30,OPEN,QQQ,BUY,1.92,126.3,15.87,1146.9
2026-08-11,CLOSE,DIA,BUY,2.75,26.3,4.92,1151.8
2026-08-17,CLOSE,DIA,BUY,2.83,-21.1,-4.07,1147.8
2026-08-18,CLOSE,QQQ,BUY,2.99,34.2,3.9,1151.6
2026-08-20,CLOSE,DIA,BUY,3.62,50.2,9.54,1161.2
2026-08-24,CLOSE,QQQ,BUY,2.74,63.5,7.68,1168.9
2026-09-01,CLOSE,DIA,BUY,3.78,27.4,9.38,1178.3
2026-09-04,CLOSE,DIA,BUY,2.85,-83.9,-25.94,1152.3
2026-09-08,CLOSE,DIA,BUY,3.66,-51.2,-14.23,1138.1
2026-09-09,CLOSE,DIA,BUY,3.18,-39.9,-10.69,1127.4
2026-09-10,CLOSE,QQQ,BUY,3.62,92.7,9.57,1137.0
2026-09-14,OPEN,SPY,BUY,1.91,20.8,6.14,1143.1
2026-09-14,CLOSE,QQQ,BUY,3.79,-11.3,-2.38,1140.7
2026-09-15,OPEN,QQQ,SELL,-2.11,56.1,11.81,1152.5
2026-09-15,CLOSE,QQQ,BUY,3.27,43.2,9.1,1161.6
2026-09-16,CLOSE,DIA,BUY,2.89,96.4,22.89,1184.5
2026-09-17,OPEN,SPY,BUY,1.74,-11.2,-3.18,1181.3
2026-09-18,OPEN,SPY,BUY,1.76,1.0,0.25,1181.6
2026-09-23,OPEN,DIA,BUY,1.7,-37.3,-8.27,1173.3
2026-09-23,CLOSE,DIA,BUY,3.06,-34.1,-8.77,1164.6
2026-09-28,CLOSE,DIA,BUY,3.45,-10.4,-2.47,1162.1
2026-09-30,CLOSE,DIA,BUY,2.84,10.2,1.21,1163.3
2026-10-01,OPEN,DIA,BUY,1.62,-77.2,-14.92,1148.4
