date,value
2026-04-07,224
2026-04-08,263
2026-04-09,434
2026-04-10,423
2026-04-11,188
2026-04-12,68
2026-04-13,99
2026-04-14,243
2026-04-15,470
2026-04-16,292
2026-04-17,245
2026-04-18,140
2026-04-19,79
2026-04-20,168
2026-04-21,548
2026-04-22,424
2026-04-23,302
2026-04-24,511
2026-04-25,226
2026-04-26,193
2026-04-27,415
2026-04-28,241
2026-04-29,896
2026-04-30,989
2026-05-01,315
2026-05-02,187
2026-05-03,92
2026-05-04,199
2026-05-05,195
2026-05-06,212
2026-05-07,269
2026-05-08,263
2026-05-09,169
2026-05-10,72
2026-05-11,161
2026-05-12,568
2026-05-13,550
2026-05-14,477
2026-05-15,341
2026-05-16,286
2026-05-17,121
2026-05-18,114
2026-05-19,267
2026-05-20,250
2026-05-21,312
2026-05-22,481
2026-05-23,208
2026-05-24,104
2026-05-25,144
2026-05-26,199
2026-05-27,281
2026-05-28,776
2026-05-29,244
2026-05-30,91
2026-05-31,66
2026-06-01,405
2026-06-02,463
2026-06-03,333
2026-06-04,456
2026-06-05,481
2026-06-06,152
2026-06-07,106
2026-06-08,469
2026-06-09,258
2026-06-10,487
2026-06-11,593
2026-06-12,229
2026-06-13,88
2026-06-14,89
2026-06-15,337
2026-06-16,375
2026-06-17,1065
2026-06-18,949
2026-06-19,295
2026-06-20,88
2026-06-21,127
2026-06-22,713
2026-06-23,464
2026-06-24,350
2026-06-25,435
2026-06-26,275
2026-06-27,152
2026-06-28,84
2026-06-29,514
2026-06-30,382
2026-07-05,77
2026-07-06,255
2026-07-07,377
2026-07-08,354
2026-07-09,357
2026-07-10,364
2026-07-11,95
2026-07-12,102
2026-07-13,335
2026-07-14,689
2026-07-15,488
2026-07-16,802
2026-07-17,289
2026-07-18,97
2026-07-19,51
2026-07-20,186
2026-07-21,207
2026-07-22,293
2026-07-23,322
2026-07-24,242
2026-07-25,84
2026-07-26,102
2026-07-27,385
2026-07-28,511
2026-07-29,745
2026-07-30,1046
2026-07-31,409
2026-08-01,154
2026-08-02,116
2026-08-03,365
2026-08-04,279
2026-08-05,325
2026-08-06,425
2026-08-07,504
2026-08-08,195
2026-08-09,158
2026-08-10,212
2026-08-11,262
2026-08-12,459
2026-08-13,474
2026-08-14,617
2026-08-15,117
2026-08-16,117
2026-08-17,209
2026-08-18,317
2026-08-19,369
2026-08-20,333
2026-08-21,230
2026-08-22,108
2026-08-23,110
2026-08-24,260
2026-08-25,298
2026-08-26,408
2026-08-27,695
2026-08-28,709
2026-08-29,117
2026-08-30,193
2026-08-31,355
2026-09-01,343
2026-09-02,235
2026-09-03,243
2026-09-04,707
2026-09-05,270
2026-09-06,189
2026-09-07,257
2026-09-08,180
2026-09-09,379
2026-09-10,412
2026-09-11,453
2026-09-12,202
2026-09-13,54
2026-09-20,221
2026-09-21,301
2026-09-22,200
2026-09-23,394
2026-09-24,653
2026-09-25,147
2026-09-27,88
2026-09-28,315
2026-09-29,250
2026-09-30,364
2026-10-01,406
2026-10-02,184
